{
	"ESSError": {
		"transaction ID": "a20014d3e17ff4fcb578-b7a6-41f9-b974-cef684d5ec62",
		"code": "32154",
		"text": "gov.va.ess.service.AccessServiceLegacySystemError",
		"essCode": "gov.va.ess.fault.io.ResourceNotFound",
		"essText": "UnabletolocateresourceXXX",
		"nestedFault": {
			"code": "400",
			"text": "NotFound"
			"essCode": "gov.va.ess.fault.io.ResourceNotFound",
			"essText": "UnabletolocateresourceXXX",
		}
		"severity": "Information",
		"timestamp": "2013-05-05T08:15:30-05:00",
		"serviceName": "gov.va.ess.util.FileAccessService",
		"serviceInstance": "http://101.12.34.97:443 /eligibility/claimsService/Benefits/eligibilityStatus/v1",
		"hostName": "vaaacmhvapp12",
		"hostIP": "101.34.28.134",
		"userID": "CN=Test User, OU=ESS,DC=OIT,DC=VA,DC=GOV",
		"subjectID": "Id>1234567890V654321<Id> <IdType>NI<IdType> <AssigningLocation>123VA</AssigningLocation> <IdSource>200M</IdSource>",
		"codePackage": "gov.va.ess.resource.fileAccess",
		"serviceDomain":"gov.va.ess.resources.v2.2.3",
		"businessDomain": "Education Eligibility",
		"Correlation ID": "c1d2398c3-1449-7654-9793-29373a9b9c53c1d2398c3-1449-7654-9793-29373a9b9c53",
		"Session ID": "8839272636511237",
		"faultTrace": "java.io.IOException: Unable to find file 'topicalIndex.csv' ..."
	}
}
	